{"cameraMode":{"drawMode":0,"name":"Shaded","section":"Shading Mode"},"sceneLighting":false,"audioPlay":false,"sceneViewState":{"m_AlwaysRefresh":false,"showFog":true,"showSkybox":false,"showFlares":true,"showImageEffects":true,"showParticleSystems":true,"showVisualEffectGraphs":true,"m_FxEnabled":true},"in2DMode":false,"pivot":{"x":0.06525051593780518,"y":1.8437914848327637,"z":-0.0017639994621276856},"rotation":{"x":-0.24087806046009065,"y":0.7591360807418823,"z":-0.42793962359428408,"w":-0.4273275136947632},"size":4.935215473175049,"orthographic":false}